cells,compiler,completed,completion_ci95_high,completion_ci95_low,completion_rate,factor,gates_ci95_high,gates_ci95_low,gates_mean,level,runtime_s_ci95_high,runtime_s_ci95_low,runtime_s_mean
7,semantic_reference,7,1.0,0.6456611570247934,1.0,m,3.0,3.0,3.0,4,0.08279807942027281,0.08205620629401289,0.08242714285714285
7,phase_polynomial_reference,7,1.0,0.6456611570247934,1.0,m,3.0,3.0,3.0,4,0.0823416224829554,0.08175180608847318,0.08204671428571429
7,qiskit_opt3,7,1.0,0.6456611570247934,1.0,m,3.0,3.0,3.0,4,0.09345214487553231,0.09293328369589625,0.09319271428571428
7,tket_paulisimp,7,1.0,0.6456611570247934,1.0,m,33.0,33.0,33.0,4,0.2619935814018373,0.26090584716959125,0.2614497142857143
7,pyzx_full_reduce,7,1.0,0.6456611570247934,1.0,m,13.0,13.0,13.0,4,0.19968340766256723,0.19800830662314703,0.19884585714285713
7,semantic_reference,7,1.0,0.6456611570247934,1.0,m,12.0,12.0,12.0,5,0.08676647351027456,0.08459952648972544,0.085683
7,phase_polynomial_reference,7,1.0,0.6456611570247934,1.0,m,12.0,12.0,12.0,5,0.08491308725450991,0.0844954841740615,0.0847042857142857
7,qiskit_opt3,7,1.0,0.6456611570247934,1.0,m,36.7766474916093,10.93763822267641,23.857142857142858,5,0.09738972766388579,0.09550827233611422,0.09644900000000001
7,tket_paulisimp,7,1.0,0.6456611570247934,1.0,m,48.0,48.0,48.0,5,0.27217889516608257,0.26893739054820315,0.27055814285714286
7,pyzx_full_reduce,7,1.0,0.6456611570247934,1.0,m,66.0,66.0,66.0,5,0.21035009311136227,0.20591647831720916,0.20813328571428572
7,semantic_reference,7,1.0,0.6456611570247934,1.0,m,6.0,6.0,6.0,6,0.08620965750392073,0.08457005678179355,0.08538985714285714
7,phase_polynomial_reference,7,1.0,0.6456611570247934,1.0,m,6.0,6.0,6.0,6,0.0859194922137338,0.08403107921483763,0.08497528571428571
7,qiskit_opt3,7,1.0,0.6456611570247934,1.0,m,6.0,6.0,6.0,6,0.09708230890142334,0.09597169109857666,0.096527
7,tket_paulisimp,7,1.0,0.6456611570247934,1.0,m,48.0,48.0,48.0,6,0.27969368036918846,0.2743868910593829,0.2770402857142857
7,pyzx_full_reduce,7,1.0,0.6456611570247934,1.0,m,26.0,26.0,26.0,6,0.212879824905182,0.20624017509481798,0.20956
7,semantic_reference,7,1.0,0.6456611570247934,1.0,m,21.0,21.0,21.0,7,0.0871255347132675,0.08442275100101823,0.08577414285714287
7,phase_polynomial_reference,7,1.0,0.6456611570247934,1.0,m,21.0,21.0,21.0,7,0.09235913264642011,0.08378401021072275,0.08807157142857143
7,qiskit_opt3,7,1.0,0.6456611570247934,1.0,m,137.17038296925656,21.68675988788629,79.42857142857143,7,0.14708224938562486,0.08204146490008943,0.11456185714285715
7,tket_paulisimp,7,1.0,0.6456611570247934,1.0,m,90.69142857142857,88.45142857142856,89.57142857142857,7,0.3210211934021419,0.3173176637407153,0.3191694285714286
7,pyzx_full_reduce,7,1.0,0.6456611570247934,1.0,m,205.0,205.0,205.0,7,0.3049182846876779,0.29433714388375065,0.2996277142857143
7,semantic_reference,7,1.0,0.6456611570247934,1.0,m,12.0,12.0,12.0,8,0.08366248698410454,0.08278265587303833,0.08322257142857144
7,phase_polynomial_reference,7,1.0,0.6456611570247934,1.0,m,12.0,12.0,12.0,8,0.0867217497398587,0.08226225026014129,0.084492
7,qiskit_opt3,7,1.0,0.6456611570247934,1.0,m,12.0,12.0,12.0,8,0.09771148866803638,0.09426908276053504,0.09599028571428571
7,tket_paulisimp,7,1.0,0.6456611570247934,1.0,m,66.0,66.0,66.0,8,0.39166971692120933,0.3799965687930764,0.3858331428571429
7,pyzx_full_reduce,7,1.0,0.6456611570247934,1.0,m,52.0,52.0,52.0,8,0.2041266694237169,0.20171333057628307,0.20292
7,semantic_reference,7,1.0,0.6456611570247934,1.0,m,30.0,30.0,30.0,10,0.08634271199168954,0.08483328800831046,0.085588
7,phase_polynomial_reference,7,1.0,0.6456611570247934,1.0,m,30.0,30.0,30.0,10,0.08697363568641332,0.0855349357421581,0.08625428571428571
7,qiskit_opt3,6,0.9743210440510253,0.48686549668097007,0.8571428571428571,m,161.26087038532017,13.73912961467984,87.5,10,0.09846035887247767,0.09617097446085568,0.09731566666666668
7,tket_paulisimp,7,1.0,0.6456611570247934,1.0,m,148.03428571428572,137.39428571428573,142.71428571428572,10,0.40208898342900984,0.39769987371384735,0.3998944285714286
7,pyzx_full_reduce,7,1.0,0.6456611570247934,1.0,m,382.0,382.0,382.0,10,0.25471949241836683,0.2309839361530617,0.24285171428571428
7,semantic_reference,7,1.0,0.6456611570247934,1.0,m,27.0,27.0,27.0,12,0.08537069051623829,0.08471245234090456,0.08504157142857142
7,phase_polynomial_reference,7,1.0,0.6456611570247934,1.0,m,27.0,27.0,27.0,12,0.10038321321485424,0.07996135821371719,0.09017228571428572
7,qiskit_opt3,6,0.9743210440510253,0.48686549668097007,0.8571428571428571,m,43.828035162883985,25.171964837116015,34.5,12,0.09795644459533998,0.09593588873799336,0.09694616666666667
7,tket_paulisimp,7,1.0,0.6456611570247934,1.0,m,118.07428571428571,111.35428571428571,114.71428571428571,12,0.39349513074430986,0.3905242978271187,0.3920097142857143
7,pyzx_full_reduce,7,1.0,0.6456611570247934,1.0,m,149.0,149.0,149.0,12,0.21396421186136594,0.21213150242434836,0.21304785714285715
7,semantic_reference,7,1.0,0.6456611570247934,1.0,m,30.0,30.0,30.0,14,0.08549308262657959,0.08478120308770615,0.08513714285714287
7,phase_polynomial_reference,7,1.0,0.6456611570247934,1.0,m,30.0,30.0,30.0,14,0.08601692820277268,0.08513421465437018,0.08557557142857143
7,qiskit_opt3,6,0.9743210440510253,0.48686549668097007,0.8571428571428571,m,49.064018174918104,27.935981825081896,38.5,14,0.09659931988161033,0.09628668011838967,0.096443
7,tket_paulisimp,7,1.0,0.6456611570247934,1.0,m,137.61142857142858,127.53142857142859,132.57142857142858,14,0.40242920872582194,0.39265907698846375,0.39754414285714285
7,pyzx_full_reduce,7,1.0,0.6456611570247934,1.0,m,178.0,178.0,178.0,14,0.21788035204240644,0.21546964795759357,0.216675
7,semantic_reference,7,1.0,0.6456611570247934,1.0,m,36.0,36.0,36.0,16,0.08580944179752549,0.08423770105961735,0.08502357142857142
7,phase_polynomial_reference,7,1.0,0.6456611570247934,1.0,m,36.0,36.0,36.0,16,0.08604144036116114,0.08469084535312456,0.08536614285714285
7,qiskit_opt3,6,0.9743210440510253,0.48686549668097007,0.8571428571428571,m,180.84,18.159999999999997,99.5,16,0.09807274308197479,0.09592292358469189,0.09699783333333334
7,tket_paulisimp,7,1.0,0.6456611570247934,1.0,m,177.38285714285715,172.90285714285713,175.14285714285714,16,0.4062365700160088,0.3976897156982769,0.40196314285714285
7,pyzx_full_reduce,7,1.0,0.6456611570247934,1.0,m,254.0,254.0,254.0,16,0.24647950463017576,0.22659449536982423,0.236537
7,semantic_reference,7,1.0,0.6456611570247934,1.0,m,30.0,30.0,30.0,20,0.08565246586943971,0.08474496270198885,0.08519871428571428
7,phase_polynomial_reference,7,1.0,0.6456611570247934,1.0,m,30.0,30.0,30.0,20,0.08821122809280557,0.084468200478623,0.08633971428571428
7,qiskit_opt3,7,1.0,0.6456611570247934,1.0,m,44.84192206864611,30.586649359925318,37.714285714285715,20,0.1003379286915825,0.09540092845127462,0.09786942857142857
7,tket_paulisimp,7,1.0,0.6456611570247934,1.0,m,178.0,178.0,178.0,20,0.4052719862108835,0.39765515664625933,0.4014635714285714
7,pyzx_full_reduce,7,1.0,0.6456611570247934,1.0,m,210.0,210.0,210.0,20,0.22181207355744295,0.21940392644255705,0.220608
7,semantic_reference,7,1.0,0.6456611570247934,1.0,m,72.0,72.0,72.0,24,0.08739050065244992,0.08553235649040723,0.08646142857142858
7,phase_polynomial_reference,7,1.0,0.6456611570247934,1.0,m,72.0,72.0,72.0,24,0.08728212984003414,0.08622015587425155,0.08675114285714285
7,qiskit_opt3,6,0.9743210440510253,0.48686549668097007,0.8571428571428571,m,209.50206179057807,55.497938209421946,132.5,24,0.10015281977964344,0.09697651355368991,0.09856466666666668
7,tket_paulisimp,7,1.0,0.6456611570247934,1.0,m,532.5714285714286,518.5714285714286,525.5714285714286,24,0.47116152628356617,0.46468504514500536,0.46792328571428576
7,pyzx_full_reduce,7,1.0,0.6456611570247934,1.0,m,1922.0,1922.0,1922.0,24,0.5175115468938949,0.46984502453467647,0.4936782857142857
7,semantic_reference,7,1.0,0.6456611570247934,1.0,m,96.0,96.0,96.0,32,0.1051489462773298,0.08406419657981305,0.09460657142857143
7,phase_polynomial_reference,7,1.0,0.6456611570247934,1.0,m,96.0,96.0,96.0,32,0.10674261126372493,0.08552853159341793,0.09613557142857143
7,qiskit_opt3,6,0.9743210440510253,0.48686549668097007,0.8571428571428571,m,158.26721789272187,88.73278210727813,123.5,32,0.11234018372128782,0.09506514961204551,0.10370266666666667
7,tket_paulisimp,7,1.0,0.6456611570247934,1.0,m,866.1142857142856,863.3142857142857,864.7142857142857,32,0.6396896464796911,0.5449117820917375,0.5923007142857143
7,pyzx_full_reduce,7,1.0,0.6456611570247934,1.0,m,3330.0,3330.0,3330.0,32,1.0270503669305366,0.8712519187837492,0.9491511428571429
7,semantic_reference,7,1.0,0.6456611570247934,1.0,m,30.0,30.0,30.0,40,0.08529708390337569,0.08480005895376717,0.08504857142857143
7,phase_polynomial_reference,7,1.0,0.6456611570247934,1.0,m,30.0,30.0,30.0,40,0.08585334701273117,0.08501236727298314,0.08543285714285716
7,qiskit_opt3,6,0.9743210440510253,0.48686549668097007,0.8571428571428571,m,41.381297673671085,28.618702326328915,35.0,40,0.09702554110709086,0.09638845889290915,0.096707
7,tket_paulisimp,7,1.0,0.6456611570247934,1.0,m,281.3828571428572,276.90285714285716,279.14285714285717,40,0.4088762045921382,0.4059072239792903,0.40739171428571425
7,pyzx_full_reduce,7,1.0,0.6456611570247934,1.0,m,134.0,134.0,134.0,40,0.2238818786801798,0.2191518356055345,0.22151685714285715
7,semantic_reference,7,1.0,0.6456611570247934,1.0,m,72.0,72.0,72.0,48,0.08749361450919287,0.08627209977652144,0.08688285714285715
7,phase_polynomial_reference,7,1.0,0.6456611570247934,1.0,m,72.0,72.0,72.0,48,0.0896966226416117,0.08711652021553117,0.08840657142857143
7,qiskit_opt3,6,0.9743210440510253,0.48686549668097007,0.8571428571428571,m,308.9157852884532,39.08421471154682,174.0,48,0.10213862042898314,0.09823437957101686,0.1001865
7,tket_paulisimp,7,1.0,0.6456611570247934,1.0,m,396.34285714285716,387.9428571428572,392.14285714285717,48,0.4417223090614545,0.43027426236711697,0.4359982857142857
7,pyzx_full_reduce,7,1.0,0.6456611570247934,1.0,m,374.0,374.0,374.0,48,0.3050802148716718,0.2635394994140424,0.2843098571428571
7,semantic_reference,7,1.0,0.6456611570247934,1.0,m,96.0,96.0,96.0,64,0.08761084825063509,0.08559629460650778,0.08660357142857143
7,phase_polynomial_reference,7,1.0,0.6456611570247934,1.0,m,96.0,96.0,96.0,64,0.08780542681998554,0.08667143032287161,0.08723842857142858
7,qiskit_opt3,6,0.9743210440510253,0.48686549668097007,0.8571428571428571,m,221.5550687847109,79.44493121528909,150.5,64,0.09984229028864397,0.09812037637802268,0.09898133333333332
7,tket_paulisimp,7,1.0,0.6456611570247934,1.0,m,562.3771428571429,543.3371428571429,552.8571428571429,64,0.46822316503435624,0.45742912067992947,0.46282614285714285
7,pyzx_full_reduce,7,1.0,0.6456611570247934,1.0,m,612.0,612.0,612.0,64,0.3539007141477088,0.33179728585229123,0.342849
35,semantic_reference,35,1.0,0.9010957324106112,1.0,r,47.65251663476313,26.74748336523687,37.2,2,0.08891763905950804,0.08404681808334909,0.08648222857142857
35,phase_polynomial_reference,35,1.0,0.9010957324106112,1.0,r,47.65251663476313,26.74748336523687,37.2,2,0.09127613755902568,0.08483180529811717,0.08805397142857142
35,qiskit_opt3,32,0.970418168994703,0.7762040092883747,0.9142857142857143,r,61.26214591756221,30.237854082437792,45.75,2,0.09949514563310391,0.09550397936689609,0.0974995625
35,tket_paulisimp,35,1.0,0.9010957324106112,1.0,r,366.69201050494195,162.5079894950581,264.6,2,0.4455966078968366,0.37231053496030636,0.40895357142857147
35,pyzx_full_reduce,35,1.0,0.9010957324106112,1.0,r,1205.8398473193583,346.16015268064154,776.0,2,0.4598458545447759,0.25948528831236695,0.3596655714285714
35,semantic_reference,35,1.0,0.9010957324106112,1.0,r,55.78031787005659,33.019682129943405,44.4,4,0.08593922527701249,0.08486843186584465,0.08540382857142857
35,phase_polynomial_reference,35,1.0,0.9010957324106112,1.0,r,55.78031787005659,33.019682129943405,44.4,4,0.08630677999198441,0.08514070572230131,0.08572374285714286
35,qiskit_opt3,32,0.970418168994703,0.7762040092883747,0.9142857142857143,r,95.00440767324224,39.933092326757766,67.46875,4,0.09793312656860952,0.09660393593139048,0.09726853125
35,tket_paulisimp,35,1.0,0.9010957324106112,1.0,r,366.96636511936777,221.6622063092036,294.3142857142857,4,0.4229997511474801,0.3748132202810913,0.3989064857142857
35,pyzx_full_reduce,35,1.0,0.9010957324106112,1.0,r,796.8394312010295,317.5605687989706,557.2,4,0.33193115179195914,0.2557078196366123,0.29381948571428573
35,semantic_reference,35,1.0,0.9010957324106112,1.0,r,40.382785700931755,25.617214299068248,33.0,8,0.08616489196936195,0.08529847945920949,0.08573168571428572
35,phase_polynomial_reference,35,1.0,0.9010957324106112,1.0,r,40.382785700931755,25.617214299068248,33.0,8,0.08761116362110609,0.08561837923603678,0.08661477142857144
35,qiskit_opt3,32,0.970418168994703,0.7762040092883747,0.9142857142857143,r,123.99313695846467,48.75686304153532,86.375,8,0.10854923564119258,0.09423963935880743,0.1013944375
35,tket_paulisimp,35,1.0,0.9010957324106112,1.0,r,209.72493514362733,129.30363628494408,169.5142857142857,8,0.3867271597136506,0.34689906885777794,0.3668131142857143
35,pyzx_full_reduce,35,1.0,0.9010957324106112,1.0,r,292.02713860289816,204.37286139710181,248.2,8,0.26670818753688336,0.24244632674883101,0.25457725714285717
35,semantic_reference,35,1.0,0.9010957324106112,1.0,K,47.65251663476313,26.74748336523687,37.2,4,0.08547279861457141,0.08441074424257144,0.08494177142857143
35,phase_polynomial_reference,35,1.0,0.9010957324106112,1.0,K,47.65251663476313,26.74748336523687,37.2,4,0.08835089563738441,0.08410693293404417,0.08622891428571429
35,qiskit_opt3,31,0.9546489414551025,0.7404820521187976,0.8857142857142857,K,86.45707959262919,33.93001718156436,60.193548387096776,4,0.09729023114492275,0.09574525272604498,0.09651774193548386
35,tket_paulisimp,35,1.0,0.9010957324106112,1.0,K,285.8120209181577,163.1594076532709,224.4857142857143,4,0.4070890203076253,0.3623396654066604,0.38471434285714284
35,pyzx_full_reduce,35,1.0,0.9010957324106112,1.0,K,329.7751767018949,186.2248232981051,258.0,4,0.26141517617632104,0.22622933810939325,0.24382225714285713
35,semantic_reference,35,1.0,0.9010957324106112,1.0,K,54.29757549540024,30.90242450459976,42.6,8,0.08955224041951279,0.08474684529477294,0.08714954285714287
35,phase_polynomial_reference,35,1.0,0.9010957324106112,1.0,K,54.29757549540024,30.90242450459976,42.6,8,0.0906502979930035,0.08541153057842507,0.08803091428571429
35,qiskit_opt3,33,0.984187170385956,0.8139261926062996,0.9428571428571428,K,96.13558602556313,45.86441397443687,71.0,8,0.1090000984413752,0.09479456822529145,0.10189733333333333
35,tket_paulisimp,35,1.0,0.9010957324106112,1.0,K,428.2763110755219,209.26654606733518,318.77142857142854,8,0.44647580589409136,0.3678380798201944,0.4071569428571429
35,pyzx_full_reduce,35,1.0,0.9010957324106112,1.0,K,1556.2482992495134,673.7517007504865,1115.0,8,0.525986887525964,0.33541728390260744,0.43070208571428575
35,semantic_reference,35,1.0,0.9010957324106112,1.0,K,41.947640202933286,27.65235979706671,34.8,16,0.08587854483043804,0.0851743123124191,0.08552642857142857
35,phase_polynomial_reference,35,1.0,0.9010957324106112,1.0,K,41.947640202933286,27.65235979706671,34.8,16,0.08676918476325357,0.08549612952246072,0.08613265714285714
35,qiskit_opt3,32,0.970418168994703,0.7762040092883747,0.9142857142857143,K,102.55164882822075,33.573351171779244,68.0625,16,0.09838561470068176,0.09677307279931825,0.09757934375
35,tket_paulisimp,35,1.0,0.9010957324106112,1.0,K,223.3927576584249,146.95009948443226,185.17142857142858,16,0.40127337499406085,0.36433039643451054,0.3828018857142857
35,pyzx_full_reduce,35,1.0,0.9010957324106112,1.0,K,246.34011122189037,170.45988877810964,208.4,16,0.2435807714911137,0.22349517136602912,0.2335379714285714
14,semantic_reference,14,1.0,0.7846829880728186,1.0,density_realized,23.83868359605978,9.16131640394022,16.5,0.25,0.08448195278145787,0.08299376150425644,0.08373785714285716
14,phase_polynomial_reference,14,1.0,0.7846829880728186,1.0,density_realized,23.83868359605978,9.16131640394022,16.5,0.25,0.0846926461456994,0.08278692528287206,0.08373978571428572
14,qiskit_opt3,13,0.9872781138877085,0.6853073044604219,0.9285714285714286,density_realized,27.219106508058765,8.319355030402775,17.76923076923077,0.25,0.0958247481697216,0.09380463644566302,0.09481469230769231
14,tket_paulisimp,14,1.0,0.7846829880728186,1.0,density_realized,222.98247238794204,89.16038475491511,156.07142857142858,0.25,0.37409547162113155,0.29474595695029704,0.3344207142857143
14,pyzx_full_reduce,14,1.0,0.7846829880728186,1.0,density_realized,106.38817463419383,40.61182536580616,73.5,0.25,0.21646016958747902,0.2039025446982353,0.21018135714285716
7,semantic_reference,7,1.0,0.6456611570247934,1.0,density_realized,6.0,6.0,6.0,0.3333333333333333,0.08620965750392073,0.08457005678179355,0.08538985714285714
7,phase_polynomial_reference,7,1.0,0.6456611570247934,1.0,density_realized,6.0,6.0,6.0,0.3333333333333333,0.0859194922137338,0.08403107921483763,0.08497528571428571
7,qiskit_opt3,7,1.0,0.6456611570247934,1.0,density_realized,6.0,6.0,6.0,0.3333333333333333,0.09708230890142334,0.09597169109857666,0.096527
7,tket_paulisimp,7,1.0,0.6456611570247934,1.0,density_realized,48.0,48.0,48.0,0.3333333333333333,0.27969368036918846,0.2743868910593829,0.2770402857142857
7,pyzx_full_reduce,7,1.0,0.6456611570247934,1.0,density_realized,26.0,26.0,26.0,0.3333333333333333,0.212879824905182,0.20624017509481798,0.20956
28,semantic_reference,28,1.0,0.8793527963418923,1.0,density_realized,65.03736282743172,39.96263717256828,52.5,0.5,0.08610801236208526,0.08484584478077187,0.08547692857142856
28,phase_polynomial_reference,28,1.0,0.8793527963418923,1.0,density_realized,65.03736282743172,39.96263717256828,52.5,0.5,0.08755305453275954,0.08568530261009759,0.08661917857142856
28,qiskit_opt3,26,0.9801883525522292,0.7735426157408214,0.9285714285714286,density_realized,130.9395894247071,45.59887211375446,88.26923076923077,0.5,0.0992332561787004,0.097076359205915,0.0981548076923077
28,tket_paulisimp,28,1.0,0.8793527963418923,1.0,density_realized,368.37184107415794,226.12815892584206,297.25,0.5,0.43310147310504726,0.40995909832352423,0.42153028571428575
28,pyzx_full_reduce,28,1.0,0.8793527963418923,1.0,density_realized,390.1837387658547,233.81626123414532,312.0,0.5,0.2842624839833928,0.24108094458803578,0.2626717142857143
7,semantic_reference,7,1.0,0.6456611570247934,1.0,density_realized,30.0,30.0,30.0,0.7142857142857143,0.08549308262657959,0.08478120308770615,0.08513714285714287
7,phase_polynomial_reference,7,1.0,0.6456611570247934,1.0,density_realized,30.0,30.0,30.0,0.7142857142857143,0.08601692820277268,0.08513421465437018,0.08557557142857143
7,qiskit_opt3,6,0.9743210440510253,0.48686549668097007,0.8571428571428571,density_realized,49.064018174918104,27.935981825081896,38.5,0.7142857142857143,0.09659931988161033,0.09628668011838967,0.096443
7,tket_paulisimp,7,1.0,0.6456611570247934,1.0,density_realized,137.61142857142858,127.53142857142859,132.57142857142858,0.7142857142857143,0.40242920872582194,0.39265907698846375,0.39754414285714285
7,pyzx_full_reduce,7,1.0,0.6456611570247934,1.0,density_realized,178.0,178.0,178.0,0.7142857142857143,0.21788035204240644,0.21546964795759357,0.216675
14,semantic_reference,14,1.0,0.7846829880728186,1.0,density_realized,33.94622786535326,29.05377213464674,31.5,0.75,0.08544189037526591,0.08462325248187695,0.08503257142857143
14,phase_polynomial_reference,14,1.0,0.7846829880728186,1.0,density_realized,33.94622786535326,29.05377213464674,31.5,0.75,0.0928557083920769,0.08268272017935167,0.08776921428571428
14,qiskit_opt3,12,0.9599069262620787,0.600580922361363,0.8571428571428571,density_realized,110.50100270526688,23.498997294733115,67.0,0.75,0.09767541988538249,0.09626858011461752,0.096972
14,tket_paulisimp,14,1.0,0.7846829880728186,1.0,density_realized,161.46740684473895,128.3897360124039,144.92857142857142,0.75,0.40045666979805156,0.3935161873448056,0.3969864285714286
14,pyzx_full_reduce,14,1.0,0.7846829880728186,1.0,density_realized,230.03932509578803,172.96067490421197,201.5,0.75,0.23277784916958602,0.21680700797327115,0.2247924285714286
7,semantic_reference,7,1.0,0.6456611570247934,1.0,density_realized,12.0,12.0,12.0,0.8,0.08676647351027456,0.08459952648972544,0.085683
7,phase_polynomial_reference,7,1.0,0.6456611570247934,1.0,density_realized,12.0,12.0,12.0,0.8,0.08491308725450991,0.0844954841740615,0.0847042857142857
7,qiskit_opt3,7,1.0,0.6456611570247934,1.0,density_realized,36.7766474916093,10.93763822267641,23.857142857142858,0.8,0.09738972766388579,0.09550827233611422,0.09644900000000001
7,tket_paulisimp,7,1.0,0.6456611570247934,1.0,density_realized,48.0,48.0,48.0,0.8,0.27217889516608257,0.26893739054820315,0.27055814285714286
7,pyzx_full_reduce,7,1.0,0.6456611570247934,1.0,density_realized,66.0,66.0,66.0,0.8,0.21035009311136227,0.20591647831720916,0.20813328571428572
28,semantic_reference,28,1.0,0.8793527963418923,1.0,density_realized,66.30056564271493,43.199434357285064,54.75,1.0,0.09100129691202678,0.08521377451654465,0.08810753571428571
28,phase_polynomial_reference,28,1.0,0.8793527963418923,1.0,density_realized,66.30056564271493,43.199434357285064,54.75,1.0,0.0924003951161956,0.08620589059809008,0.08930314285714284
28,qiskit_opt3,25,0.9628823079452005,0.7280377463234293,0.8928571428571429,density_realized,135.4302950203734,73.92970497962662,104.68,1.0,0.11324042495923363,0.09471405504076637,0.10397724
28,tket_paulisimp,28,1.0,0.8793527963418923,1.0,density_realized,524.0698904055688,287.21582388014554,405.64285714285717,1.0,0.4842154059711271,0.4054285226003014,0.44482196428571424
28,pyzx_full_reduce,28,1.0,0.8793527963418923,1.0,density_realized,1938.642766977079,980.857233022921,1459.75,1.0,0.6027867506717602,0.38986767789966836,0.4963272142857143
21,semantic_reference,21,0.9999999999999999,0.8453561767357979,1.0,seed,18.295628385753666,7.704371614246332,13.0,20260801,0.08520272370510514,0.08373394296156154,0.08446833333333334
21,phase_polynomial_reference,21,0.9999999999999999,0.8453561767357979,1.0,seed,18.295628385753666,7.704371614246332,13.0,20260801,0.08528878609137806,0.08356207105147907,0.08442542857142857
21,qiskit_opt3,20,0.9915442305280766,0.7733018341376452,0.9523809523809523,seed,56.27657346581141,2.523426534188591,29.4,20260801,0.09648789899254799,0.09470530100745202,0.0955966
21,tket_paulisimp,21,0.9999999999999999,0.8453561767357979,1.0,seed,95.92535280094667,53.21750434191047,74.57142857142857,20260801,0.3399533998741993,0.2856362191734198,0.31279480952380956
21,pyzx_full_reduce,21,0.9999999999999999,0.8453561767357979,1.0,seed,215.26272029940367,65.403946367263,140.33333333333334,20260801,0.22617929255736435,0.20799242172834997,0.21708585714285716
21,semantic_reference,21,0.9999999999999999,0.8453561767357979,1.0,seed,26.450936104885166,19.549063895114834,23.0,20260802,0.08494067673715146,0.08403456135808664,0.08448761904761905
21,phase_polynomial_reference,21,0.9999999999999999,0.8453561767357979,1.0,seed,26.450936104885166,19.549063895114834,23.0,20260802,0.09051540650082304,0.08348726016584362,0.08700133333333333
21,qiskit_opt3,20,0.9915442305280766,0.7733018341376452,0.9523809523809523,seed,34.06100617551341,21.438993824486587,27.75,20260802,0.09803314153317884,0.09583635846682116,0.09693475
21,tket_paulisimp,21,0.9999999999999999,0.8453561767357979,1.0,seed,139.69529433656757,99.44756280628957,119.57142857142857,20260802,0.39670955319424256,0.38949473252004324,0.3931021428571429
21,pyzx_full_reduce,21,0.9999999999999999,0.8453561767357979,1.0,seed,165.51334097108463,108.48665902891537,137.0,20260802,0.21542626434381834,0.20895764041808645,0.2121919523809524
21,semantic_reference,21,0.9999999999999999,0.8453561767357979,1.0,seed,54.12868501050447,37.87131498949553,46.0,20260803,0.0860020999610358,0.08502028099134515,0.08551119047619048
21,phase_polynomial_reference,21,0.9999999999999999,0.8453561767357979,1.0,seed,54.12868501050447,37.87131498949553,46.0,20260803,0.08626187634385658,0.08543821889423865,0.08585004761904762
21,qiskit_opt3,18,0.950190782017865,0.6536350585077049,0.8571428571428571,seed,129.05537343698683,48.94462656301316,89.0,20260803,0.09814491091810096,0.09670142241523239,0.09742316666666667
21,tket_paulisimp,21,0.9999999999999999,0.8453561767357979,1.0,seed,391.06763026013016,262.170464977965,326.6190476190476,20260803,0.438979745601648,0.41253901630311385,0.4257593809523809
21,pyzx_full_reduce,21,0.9999999999999999,0.8453561767357979,1.0,seed,1127.6535476686902,412.3464523313099,770.0,20260803,0.37259838350978336,0.2618897117283119,0.3172440476190476
21,semantic_reference,21,0.9999999999999999,0.8453561767357979,1.0,seed,76.70599284984492,49.29400715015508,63.0,20260804,0.0928691878157006,0.0853065264700137,0.08908785714285715
21,phase_polynomial_reference,21,0.9999999999999999,0.8453561767357979,1.0,seed,76.70599284984492,49.29400715015508,63.0,20260804,0.09486133078671503,0.08688114540376114,0.09087123809523809
21,qiskit_opt3,19,0.9734817912030528,0.7108541613925933,0.9047619047619048,seed,172.57403117705684,73.84702145452214,123.21052631578948,20260804,0.11863792041002454,0.09454818485313336,0.10659305263157895
21,tket_paulisimp,21,0.9999999999999999,0.8453561767357979,1.0,seed,588.6150251477918,309.00402247125584,448.8095238095238,20260804,0.500469248565374,0.39784303714891167,0.44915614285714284
21,pyzx_full_reduce,21,0.9999999999999999,0.8453561767357979,1.0,seed,1931.901157554455,674.0988424455451,1303.0,20260804,0.6492149806265837,0.3728441622305592,0.5110295714285714
21,semantic_reference,21,0.9999999999999999,0.8453561767357979,1.0,seed,61.8263173227381,30.1736826772619,46.0,20260805,0.08635732416077758,0.08525848536303195,0.08580790476190477
21,phase_polynomial_reference,21,0.9999999999999999,0.8453561767357979,1.0,seed,61.8263173227381,30.1736826772619,46.0,20260805,0.0863573670207447,0.08532149012211243,0.08583942857142857
21,qiskit_opt3,19,0.9734817912030528,0.7108541613925933,0.9047619047619048,seed,102.29238121980441,34.65498720124822,68.47368421052632,20260805,0.09793396179607854,0.09655961715128987,0.0972467894736842
21,tket_paulisimp,21,0.9999999999999999,0.8453561767357979,1.0,seed,341.2949019826848,147.65747896969617,244.47619047619048,20260805,0.41204218404504395,0.3419101016692418,0.37697614285714287
21,pyzx_full_reduce,21,0.9999999999999999,0.8453561767357979,1.0,seed,388.53270525218,182.13396141448663,285.3333333333333,20260805,0.28311624176752487,0.22865528204199898,0.2558857619047619
15,semantic_reference,15,1.0,0.7961107336956521,1.0,schedule,53.80421686596287,22.595783134037138,38.2,semantic_aggregate,0.08538427514843043,0.0842598581849029,0.08482206666666667
15,phase_polynomial_reference,15,1.0,0.7961107336956521,1.0,schedule,53.80421686596287,22.595783134037138,38.2,semantic_aggregate,0.09194355857341396,0.08224937475991936,0.08709646666666666
15,qiskit_opt3,15,1.0,0.7961107336956521,1.0,schedule,53.80421686596287,22.595783134037138,38.2,semantic_aggregate,0.09672050428370071,0.09542336238296595,0.09607193333333333
15,tket_paulisimp,15,1.0,0.7961107336956521,1.0,schedule,362.6579022964414,120.14209770355859,241.4,semantic_aggregate,0.42763106095326675,0.3464160057133999,0.38702353333333334
15,pyzx_full_reduce,15,1.0,0.7961107336956521,1.0,schedule,985.9111534617455,68.35551320492112,527.1333333333333,semantic_aggregate,0.38179047773932384,0.20009698892734284,0.29094373333333334
15,semantic_reference,15,1.0,0.7961107336956521,1.0,schedule,53.80421686596287,22.595783134037138,38.2,contiguous_flat,0.0866538961383018,0.08462810386169822,0.08564100000000001
15,phase_polynomial_reference,15,1.0,0.7961107336956521,1.0,schedule,53.80421686596287,22.595783134037138,38.2,contiguous_flat,0.08685585159743808,0.0846757484025619,0.08576579999999999
15,qiskit_opt3,15,1.0,0.7961107336956521,1.0,schedule,53.80421686596287,22.595783134037138,38.2,contiguous_flat,0.09796375993230916,0.09605610673435752,0.09700993333333334
15,tket_paulisimp,15,1.0,0.7961107336956521,1.0,schedule,362.6579022964414,120.14209770355859,241.4,contiguous_flat,0.4344120689455687,0.34992139772109787,0.3921667333333333
15,pyzx_full_reduce,15,1.0,0.7961107336956521,1.0,schedule,985.9111534617455,68.35551320492112,527.1333333333333,contiguous_flat,0.384841830562498,0.2075827027708355,0.2962122666666667
15,semantic_reference,15,1.0,0.7961107336956521,1.0,schedule,53.80421686596287,22.595783134037138,38.2,round_robin_flat,0.08578727284775726,0.08434952715224271,0.08506839999999999
15,phase_polynomial_reference,15,1.0,0.7961107336956521,1.0,schedule,53.80421686596287,22.595783134037138,38.2,round_robin_flat,0.08782994891308839,0.08525325108691163,0.08654160000000001
15,qiskit_opt3,15,1.0,0.7961107336956521,1.0,schedule,218.03981558996375,74.36018441003623,146.2,round_robin_flat,0.10033351084218432,0.09705568915781566,0.0986946
15,tket_paulisimp,15,1.0,0.7961107336956521,1.0,schedule,362.6579022964414,120.14209770355859,241.4,round_robin_flat,0.43484171976596875,0.3485017469006979,0.3916717333333333
15,pyzx_full_reduce,15,1.0,0.7961107336956521,1.0,schedule,985.9111534617455,68.35551320492112,527.1333333333333,round_robin_flat,0.4054348224611861,0.21500424420548045,0.3102195333333333
15,semantic_reference,15,1.0,0.7961107336956521,1.0,schedule,53.80421686596287,22.595783134037138,38.2,random_commuting_order,0.08647437853078663,0.08475348813588002,0.08561393333333332
15,phase_polynomial_reference,15,1.0,0.7961107336956521,1.0,schedule,53.80421686596287,22.595783134037138,38.2,random_commuting_order,0.08718631470468509,0.08514155196198157,0.08616393333333333
15,qiskit_opt3,15,1.0,0.7961107336956521,1.0,schedule,152.04523010937186,58.35476989062814,105.2,random_commuting_order,0.09880937049402913,0.09657302950597088,0.0976912
15,tket_paulisimp,15,1.0,0.7961107336956521,1.0,schedule,362.6579022964414,120.14209770355859,241.4,random_commuting_order,0.4311079847250094,0.34870041527499057,0.3899042
15,pyzx_full_reduce,15,1.0,0.7961107336956521,1.0,schedule,985.9111534617455,68.35551320492112,527.1333333333333,random_commuting_order,0.3964158408490351,0.21012642581763158,0.30327113333333333
15,semantic_reference,15,1.0,0.7961107336956521,1.0,schedule,53.80421686596287,22.595783134037138,38.2,masked_share_flat,0.08595392077794707,0.08465181255538627,0.08530286666666667
15,phase_polynomial_reference,15,1.0,0.7961107336956521,1.0,schedule,53.80421686596287,22.595783134037138,38.2,masked_share_flat,0.0868937829730458,0.08507555036028754,0.08598466666666667
15,qiskit_opt3,6,0.642535572434923,0.19824228082594664,0.4,schedule,113.59388514492629,-5.59388514492629,54.0,masked_share_flat,0.1543418375956182,0.07732649573771515,0.11583416666666667
15,tket_paulisimp,15,1.0,0.7961107336956521,1.0,schedule,375.0958716512385,127.43746168209486,251.26666666666668,masked_share_flat,0.43423469508002555,0.35015317158664105,0.3921939333333333
15,pyzx_full_reduce,15,1.0,0.7961107336956521,1.0,schedule,985.9111534617455,68.35551320492112,527.1333333333333,masked_share_flat,0.43878561325031545,0.20397185341635132,0.3213787333333334
15,semantic_reference,15,1.0,0.7961107336956521,1.0,schedule,53.80421686596287,22.595783134037138,38.2,locally_folded,0.09061732117245672,0.08386987882754329,0.0872436
15,phase_polynomial_reference,15,1.0,0.7961107336956521,1.0,schedule,53.80421686596287,22.595783134037138,38.2,locally_folded,0.09156190742788155,0.08408355923878512,0.08782273333333333
15,qiskit_opt3,15,1.0,0.7961107336956521,1.0,schedule,53.80421686596287,22.595783134037138,38.2,locally_folded,0.0995354960698875,0.09597930393011252,0.09775740000000001
15,tket_paulisimp,15,1.0,0.7961107336956521,1.0,schedule,362.6579022964414,120.14209770355859,241.4,locally_folded,0.4583165795789516,0.34306568708771507,0.40069113333333334
15,pyzx_full_reduce,15,1.0,0.7961107336956521,1.0,schedule,985.9111534617455,68.35551320492112,527.1333333333333,locally_folded,0.4233194883408362,0.19010317832583043,0.30671133333333334
15,semantic_reference,15,1.0,0.7961107336956521,1.0,schedule,53.80421686596287,22.595783134037138,38.2,bridge_qasm2,0.09194525650592673,0.08288714349407326,0.0874162
15,phase_polynomial_reference,15,1.0,0.7961107336956521,1.0,schedule,53.80421686596287,22.595783134037138,38.2,bridge_qasm2,0.09315706823146572,0.08325746510186763,0.08820726666666667
15,qiskit_opt3,15,1.0,0.7961107336956521,1.0,schedule,53.80421686596287,22.595783134037138,38.2,bridge_qasm2,0.10189691060984479,0.09461242272348852,0.09825466666666666
15,tket_paulisimp,15,1.0,0.7961107336956521,1.0,schedule,362.6579022964414,120.14209770355859,241.4,bridge_qasm2,0.4278479821497722,0.3466576178502278,0.3872528
15,pyzx_full_reduce,15,1.0,0.7961107336956521,1.0,schedule,985.9111534617455,68.35551320492112,527.1333333333333,bridge_qasm2,0.3801076511607687,0.20004301550589798,0.29007533333333335
