effect,factor,workload_class,metric,sign_convention,n,mean,median,ci95_low,ci95_high
main,semantic_lift,natural_positive,gates,off_minus_on; positive is reduction,8064,72.22420634920636,0.0,66.30138578869048,78.14121713789682
main,semantic_lift,natural_positive,depth,off_minus_on; positive is reduction,8064,48.26686507936508,0.0,44.2958984375,52.26136532738095
main,semantic_lift,natural_positive,cx,off_minus_on; positive is reduction,8064,60.79761904761905,0.0,55.52545262896825,66.07969370039682
main,semantic_lift,natural_positive,logical_t_states,off_minus_on; positive is reduction,8064,1084.3531746031747,0.0,1004.2598400297619,1166.0966455853174
main,semantic_lift,natural_positive,spacetime_qubit_seconds,off_minus_on; positive is reduction,8064,7864.955121797619,0.0,7278.913503988281,8459.298285194682
main,semantic_lift,natural_positive,runtime_s,off_minus_on; positive is reduction,8064,-0.00039687371036196717,-0.0003114165156148374,-0.0004147143661276416,-0.0003799642114855155
main,semantic_lift,natural_positive,description_bits,off_minus_on; positive is reduction,8064,3830.6984126984125,0.0,3556.0214285714287,4106.77628968254
main,semantic_lift,natural_positive,output_ir_bytes,off_minus_on; positive is reduction,8064,1064.7142857142858,0.0,977.9836061507937,1150.5245070684523
main,semantic_lift,negative_control,gates,off_minus_on; positive is reduction,2304,0.0,0.0,0.0,0.0
main,semantic_lift,negative_control,depth,off_minus_on; positive is reduction,2304,0.0,0.0,0.0,0.0
main,semantic_lift,negative_control,cx,off_minus_on; positive is reduction,2304,0.0,0.0,0.0,0.0
main,semantic_lift,negative_control,logical_t_states,off_minus_on; positive is reduction,2304,0.0,0.0,0.0,0.0
main,semantic_lift,negative_control,spacetime_qubit_seconds,off_minus_on; positive is reduction,2304,0.0,0.0,0.0,0.0
main,semantic_lift,negative_control,runtime_s,off_minus_on; positive is reduction,2304,-0.00033891246104960574,-0.0002448754967190325,-0.00037065756594453585,-0.0003124088827083445
main,semantic_lift,negative_control,description_bits,off_minus_on; positive is reduction,2304,-16.0,-16.0,-16.65277777777778,-15.36111111111111
main,semantic_lift,negative_control,output_ir_bytes,off_minus_on; positive is reduction,2304,0.0,0.0,0.0,0.0
main,aggregation,natural_positive,gates,off_minus_on; positive is reduction,8064,80.4265873015873,0.0,74.57002728174604,86.36183345734126
main,aggregation,natural_positive,depth,off_minus_on; positive is reduction,8064,56.43353174603175,0.0,52.50085565476191,60.48333023313492
main,aggregation,natural_positive,cx,off_minus_on; positive is reduction,8064,66.26587301587301,0.0,61.11615203373016,71.50110987103174
main,aggregation,natural_positive,logical_t_states,off_minus_on; positive is reduction,8064,1330.2261904761904,0.0,1249.1726376488095,1413.5303819444446
main,aggregation,natural_positive,spacetime_qubit_seconds,off_minus_on; positive is reduction,8064,9436.71870075,0.0,8843.317610458556,10036.935107412872
main,aggregation,natural_positive,runtime_s,off_minus_on; positive is reduction,8064,0.00019134526571308794,7.756298873573542e-05,0.00017517838648364842,0.0002079023163419368
main,aggregation,natural_positive,description_bits,off_minus_on; positive is reduction,8064,4772.253968253968,0.0,4497.604885912699,5053.404687499999
main,aggregation,natural_positive,output_ir_bytes,off_minus_on; positive is reduction,8064,1187.7103174603174,0.0,1102.901878720238,1274.1796843998018
main,aggregation,negative_control,gates,off_minus_on; positive is reduction,2304,0.0,0.0,0.0,0.0
main,aggregation,negative_control,depth,off_minus_on; positive is reduction,2304,0.0,0.0,0.0,0.0
main,aggregation,negative_control,cx,off_minus_on; positive is reduction,2304,0.0,0.0,0.0,0.0
main,aggregation,negative_control,logical_t_states,off_minus_on; positive is reduction,2304,0.0,0.0,0.0,0.0
main,aggregation,negative_control,spacetime_qubit_seconds,off_minus_on; positive is reduction,2304,0.0,0.0,0.0,0.0
main,aggregation,negative_control,runtime_s,off_minus_on; positive is reduction,2304,-1.3058584196793769e-05,-1.4271063264459372e-05,-3.81833071097996e-05,1.6130496314619655e-05
main,aggregation,negative_control,description_bits,off_minus_on; positive is reduction,2304,0.0,0.0,0.0,0.0
main,aggregation,negative_control,output_ir_bytes,off_minus_on; positive is reduction,2304,0.0,0.0,0.0,0.0
main,selector,natural_positive,gates,off_minus_on; positive is reduction,8064,0.0,0.0,0.0,0.0
main,selector,natural_positive,depth,off_minus_on; positive is reduction,8064,0.0,0.0,0.0,0.0
main,selector,natural_positive,cx,off_minus_on; positive is reduction,8064,0.0,0.0,0.0,0.0
main,selector,natural_positive,logical_t_states,off_minus_on; positive is reduction,8064,0.0,0.0,0.0,0.0
main,selector,natural_positive,spacetime_qubit_seconds,off_minus_on; positive is reduction,8064,0.0,0.0,0.0,0.0
main,selector,natural_positive,runtime_s,off_minus_on; positive is reduction,8064,-0.00021843992723757216,-9.356241207569838e-05,-0.0002321523346313009,-0.00020456377201551532
main,selector,natural_positive,description_bits,off_minus_on; positive is reduction,8064,15.333333333333334,0.0,14.047619047619047,16.59325396825397
main,selector,natural_positive,output_ir_bytes,off_minus_on; positive is reduction,8064,0.0,0.0,0.0,0.0
main,selector,negative_control,gates,off_minus_on; positive is reduction,2304,0.0,0.0,0.0,0.0
main,selector,negative_control,depth,off_minus_on; positive is reduction,2304,0.0,0.0,0.0,0.0
main,selector,negative_control,cx,off_minus_on; positive is reduction,2304,0.0,0.0,0.0,0.0
main,selector,negative_control,logical_t_states,off_minus_on; positive is reduction,2304,0.0,0.0,0.0,0.0
main,selector,negative_control,spacetime_qubit_seconds,off_minus_on; positive is reduction,2304,0.0,0.0,0.0,0.0
main,selector,negative_control,runtime_s,off_minus_on; positive is reduction,2304,-5.177928642297047e-05,-3.2333540730178356e-05,-7.9563409085242e-05,-2.6885651264920954e-05
main,selector,negative_control,description_bits,off_minus_on; positive is reduction,2304,16.0,16.0,15.333333333333334,16.666666666666668
main,selector,negative_control,output_ir_bytes,off_minus_on; positive is reduction,2304,0.0,0.0,0.0,0.0
main,cache_reuse,natural_positive,gates,off_minus_on; positive is reduction,8064,0.0,0.0,0.0,0.0
main,cache_reuse,natural_positive,depth,off_minus_on; positive is reduction,8064,0.0,0.0,0.0,0.0
main,cache_reuse,natural_positive,cx,off_minus_on; positive is reduction,8064,0.0,0.0,0.0,0.0
main,cache_reuse,natural_positive,logical_t_states,off_minus_on; positive is reduction,8064,0.0,0.0,0.0,0.0
main,cache_reuse,natural_positive,spacetime_qubit_seconds,off_minus_on; positive is reduction,8064,0.0,0.0,0.0,0.0
main,cache_reuse,natural_positive,runtime_s,off_minus_on; positive is reduction,8064,0.00016424845298821484,4.241644637659192e-05,0.00014952461551368448,0.0001796030010039445
main,cache_reuse,natural_positive,description_bits,off_minus_on; positive is reduction,8064,0.0,0.0,0.0,0.0
main,cache_reuse,natural_positive,output_ir_bytes,off_minus_on; positive is reduction,8064,0.0,0.0,0.0,0.0
main,cache_reuse,negative_control,gates,off_minus_on; positive is reduction,2304,0.0,0.0,0.0,0.0
main,cache_reuse,negative_control,depth,off_minus_on; positive is reduction,2304,0.0,0.0,0.0,0.0
main,cache_reuse,negative_control,cx,off_minus_on; positive is reduction,2304,0.0,0.0,0.0,0.0
main,cache_reuse,negative_control,logical_t_states,off_minus_on; positive is reduction,2304,0.0,0.0,0.0,0.0
main,cache_reuse,negative_control,spacetime_qubit_seconds,off_minus_on; positive is reduction,2304,0.0,0.0,0.0,0.0
main,cache_reuse,negative_control,runtime_s,off_minus_on; positive is reduction,2304,-2.0445859617110626e-05,-1.064653042703867e-05,-4.7057680309434445e-05,6.681524066860022e-06
main,cache_reuse,negative_control,description_bits,off_minus_on; positive is reduction,2304,0.0,0.0,0.0,0.0
main,cache_reuse,negative_control,output_ir_bytes,off_minus_on; positive is reduction,2304,0.0,0.0,0.0,0.0
main,preset_recognizer,natural_positive,gates,off_minus_on; positive is reduction,8064,364.906746031746,81.0,349.7535125248016,380.48216765873013
main,preset_recognizer,natural_positive,depth,off_minus_on; positive is reduction,8064,243.0029761904762,72.0,232.84577132936508,253.62316158234128
main,preset_recognizer,natural_positive,cx,off_minus_on; positive is reduction,8064,309.47222222222223,70.0,295.82686631944443,323.6531187996032
main,preset_recognizer,natural_positive,logical_t_states,off_minus_on; positive is reduction,8064,5153.376984126984,2024.0,4974.388191344246,5336.908795262897
main,preset_recognizer,natural_positive,spacetime_qubit_seconds,off_minus_on; positive is reduction,8064,35786.84051191667,11182.949916,34473.00577326946,37095.23989711488
main,preset_recognizer,natural_positive,runtime_s,off_minus_on; positive is reduction,8064,0.0001474338189129614,-0.00013241649139672518,0.00012136499789528263,0.00017458320993292938
main,preset_recognizer,natural_positive,description_bits,off_minus_on; positive is reduction,8064,19080.825396825396,7728.0,18456.37822420635,19719.469618055555
main,preset_recognizer,natural_positive,output_ir_bytes,off_minus_on; positive is reduction,8064,5396.027777777777,1315.5,5176.647501240079,5624.041564360119
main,preset_recognizer,negative_control,gates,off_minus_on; positive is reduction,2304,0.0,0.0,0.0,0.0
main,preset_recognizer,negative_control,depth,off_minus_on; positive is reduction,2304,0.0,0.0,0.0,0.0
main,preset_recognizer,negative_control,cx,off_minus_on; positive is reduction,2304,0.0,0.0,0.0,0.0
main,preset_recognizer,negative_control,logical_t_states,off_minus_on; positive is reduction,2304,0.0,0.0,0.0,0.0
main,preset_recognizer,negative_control,spacetime_qubit_seconds,off_minus_on; positive is reduction,2304,0.0,0.0,0.0,0.0
main,preset_recognizer,negative_control,runtime_s,off_minus_on; positive is reduction,2304,-8.577612334192963e-06,3.311957698315382e-06,-3.452845525341925e-05,1.73612299034984e-05
main,preset_recognizer,negative_control,description_bits,off_minus_on; positive is reduction,2304,0.0,0.0,0.0,0.0
main,preset_recognizer,negative_control,output_ir_bytes,off_minus_on; positive is reduction,2304,0.0,0.0,0.0,0.0
main,projected_block_selection,natural_positive,gates,off_minus_on; positive is reduction,8064,0.0,0.0,0.0,0.0
main,projected_block_selection,natural_positive,depth,off_minus_on; positive is reduction,8064,0.0,0.0,0.0,0.0
main,projected_block_selection,natural_positive,cx,off_minus_on; positive is reduction,8064,0.0,0.0,0.0,0.0
main,projected_block_selection,natural_positive,logical_t_states,off_minus_on; positive is reduction,8064,0.0,0.0,0.0,0.0
main,projected_block_selection,natural_positive,spacetime_qubit_seconds,off_minus_on; positive is reduction,8064,0.0,0.0,0.0,0.0
main,projected_block_selection,natural_positive,runtime_s,off_minus_on; positive is reduction,8064,0.00018126159741927589,8.777005132287741e-05,0.0001679168096816717,0.00019479638336265668
main,projected_block_selection,natural_positive,description_bits,off_minus_on; positive is reduction,8064,0.0,0.0,0.0,0.0
main,projected_block_selection,natural_positive,output_ir_bytes,off_minus_on; positive is reduction,8064,0.0,0.0,0.0,0.0
main,projected_block_selection,negative_control,gates,off_minus_on; positive is reduction,2304,0.0,0.0,0.0,0.0
main,projected_block_selection,negative_control,depth,off_minus_on; positive is reduction,2304,0.0,0.0,0.0,0.0
main,projected_block_selection,negative_control,cx,off_minus_on; positive is reduction,2304,0.0,0.0,0.0,0.0
main,projected_block_selection,negative_control,logical_t_states,off_minus_on; positive is reduction,2304,0.0,0.0,0.0,0.0
main,projected_block_selection,negative_control,spacetime_qubit_seconds,off_minus_on; positive is reduction,2304,0.0,0.0,0.0,0.0
main,projected_block_selection,negative_control,runtime_s,off_minus_on; positive is reduction,2304,2.958414420896184e-06,1.6375037375837564e-05,-2.3663573212060225e-05,2.8982882108468607e-05
main,projected_block_selection,negative_control,description_bits,off_minus_on; positive is reduction,2304,0.0,0.0,0.0,0.0
main,projected_block_selection,negative_control,output_ir_bytes,off_minus_on; positive is reduction,2304,0.0,0.0,0.0,0.0
